orderid;date;user;;;;;;;;;;;
1;2015-01-01;;;;;;;;;;;;
2;2015-01-01;;;;;;;;;;;;
3;2015-01-01;;;;;;;;;;;;
4;2015-01-01;;;;;;;;;;;;
5;2015-01-01;;;;;;;;;;;;
6;2015-01-01;;;;;;;;;;;;
7;2015-01-01;;;;;;;;;;;;
8;2015-01-01;;;;;;;;;;;;
9;2015-01-01;;;;;;;;;;;;
10;2015-01-01;;;;;;;;;;;;
11;2015-01-01;;;;;;;;;;;;
12;2015-01-01;;;;;;;;;;;;
13;2015-01-01;;;;;;;;;;;;
14;2015-01-01;;;;;;;;;;;;
15;2015-01-01;;;;;;;;;;;;
16;2015-01-01;;;;;;;;;;;;
17;2015-01-01;;;;;;;;;;;;
18;2015-01-01;;;;;;;;;;;;
19;2015-01-01;;;;;;;;;;;;
20;2015-01-01;;;;;;;;;;;;
21;2015-01-01;;;;;;;;;;;;
22;2015-01-01;;;;;;;;;;;;
23;2015-01-01;;;;;;;;;;;;
24;2015-01-01;;;;;;;;;;;;
25;2015-01-01;;;;;;;;;;;;
26;2015-01-01;;;;;;;;;;;;
27;2015-01-01;;;;;;;;;;;;
28;2015-01-01;;;;;;;;;;;;
29;2015-01-01;;;;;;;;;;;;
30;2015-01-01;;;;;;;;;;;;
31;2015-01-01;;;;;;;;;;;;
32;2015-01-01;;;;;;;;;;;;
33;2015-01-01;;;;;;;;;;;;
34;2015-01-01;;;;;;;;;;;;
35;2015-01-01;;;;;;;;;;;;
36;2015-01-01;;;;;;;;;;;;
37;2015-01-01;;;;;;;;;;;;
38;2015-01-01;;;;;;;;;;;;
39;2015-01-01;;;;;;;;;;;;
40;2015-01-01;;;;;;;;;;;;
41;2015-01-01;;;;;;;;;;;;
42;2015-01-01;;;;;;;;;;;;
43;2015-01-01;;;;;;;;;;;;
44;2015-01-01;;;;;;;;;;;;
45;2015-01-01;;;;;;;;;;;;
46;2015-01-01;;;;;;;;;;;;
47;2015-01-01;;;;;;;;;;;;
48;2015-01-01;;;;;;;;;;;;
49;2015-01-01;;;;;;;;;;;;
50;2015-01-01;;;;;;;;;;;;
51;2015-01-01;;;;;;;;;;;;
52;2015-01-01;;;;;;;;;;;;
53;2015-01-01;;;;;;;;;;;;
54;2015-01-01;;;;;;;;;;;;
55;2015-01-01;;;;;;;;;;;;
56;2015-01-01;;;;;;;;;;;;
57;2015-01-01;;;;;;;;;;;;
58;2015-01-01;;;;;;;;;;;;
59;2015-01-01;;;;;;;;;;;;
60;2015-01-01;;;;;;;;;;;;
61;2015-01-01;;;;;;;;;;;;
62;2015-01-01;;;;;;;;;;;;
63;2015-01-01;;;;;;;;;;;;
64;2015-01-01;;;;;;;;;;;;
65;2015-01-01;;;;;;;;;;;;
66;2015-01-01;;;;;;;;;;;;
67;2015-01-01;;;;;;;;;;;;
68;2015-01-01;;;;;;;;;;;;
69;2015-01-01;;;;;;;;;;;;
70;2015-01-01;;;;;;;;;;;;
71;2015-01-01;;;;;;;;;;;;
72;2015-01-01;;;;;;;;;;;;
73;2015-01-01;;;;;;;;;;;;
74;2015-01-01;;;;;;;;;;;;
75;2015-01-01;;;;;;;;;;;;
76;2015-01-01;;;;;;;;;;;;
77;2015-01-01;;;;;;;;;;;;
78;2015-01-01;;;;;;;;;;;;
79;2015-01-01;;;;;;;;;;;;
80;2015-01-01;;;;;;;;;;;;
81;2015-01-01;;;;;;;;;;;;
82;2015-01-01;;;;;;;;;;;;
83;2015-01-01;;;;;;;;;;;;
84;2015-01-01;;;;;;;;;;;;
85;2015-01-01;;;;;;;;;;;;
86;2015-01-01;;;;;;;;;;;;
87;2015-01-01;;;;;;;;;;;;
88;2015-01-01;;;;;;;;;;;;
89;2015-01-01;;;;;;;;;;;;
90;2015-01-01;;;;;;;;;;;;
91;2015-01-01;;;;;;;;;;;;
92;2015-01-01;;;;;;;;;;;;
93;2015-01-01;;;;;;;;;;;;
94;2015-01-01;;;;;;;;;;;;
95;2015-01-01;;;;;;;;;;;;
96;2015-01-01;;;;;;;;;;;;
97;2015-01-01;;;;;;;;;;;;
98;2015-01-01;;;;;;;;;;;;
99;2015-01-01;;;;;;;;;;;;
100;2015-01-01;;;;;;;;;;;;
101;2015-01-01;;;;;;;;;;;;
102;2015-01-01;;;;;;;;;;;;
103;2015-01-01;;;;;;;;;;;;
104;2015-01-01;;;;;;;;;;;;
105;2015-01-01;;;;;;;;;;;;
106;2015-01-01;;;;;;;;;;;;
107;2015-01-01;;;;;;;;;;;;
108;2015-01-01;;;;;;;;;;;;
109;2015-01-01;;;;;;;;;;;;
110;2015-01-01;;;;;;;;;;;;
111;2015-01-01;;;;;;;;;;;;
112;2015-01-01;;;;;;;;;;;;
113;2015-01-01;;;;;;;;;;;;
114;2015-01-01;;;;;;;;;;;;
115;2015-01-01;;;;;;;;;;;;
116;2015-01-01;;;;;;;;;;;;
117;2015-01-01;;;;;;;;;;;;
118;2015-01-01;;;;;;;;;;;;
119;2015-01-01;;;;;;;;;;;;
120;2015-01-01;;;;;;;;;;;;
121;2015-01-01;;;;;;;;;;;;
122;2015-01-01;;;;;;;;;;;;
123;2015-01-01;;;;;;;;;;;;
124;2015-01-01;;;;;;;;;;;;
125;2015-01-01;;;;;;;;;;;;
126;2015-01-01;;;;;;;;;;;;
127;2015-01-01;;;;;;;;;;;;
128;2015-01-01;;;;;;;;;;;;
129;2015-01-01;;;;;;;;;;;;
130;2015-01-01;;;;;;;;;;;;
131;2015-01-01;;;;;;;;;;;;
132;2015-01-01;;;;;;;;;;;;
133;2015-01-01;;;;;;;;;;;;
134;2015-01-01;;;;;;;;;;;;
135;2015-01-01;;;;;;;;;;;;
136;2015-01-01;;;;;;;;;;;;
137;2015-01-01;;;;;;;;;;;;
138;2015-01-01;;;;;;;;;;;;
139;2015-01-01;;;;;;;;;;;;
140;2015-01-01;;;;;;;;;;;;
141;2015-01-01;;;;;;;;;;;;
142;2015-01-01;;;;;;;;;;;;
143;2015-01-01;;;;;;;;;;;;
144;2015-01-01;;;;;;;;;;;;
145;2015-01-01;;;;;;;;;;;;
146;2015-01-01;;;;;;;;;;;;
147;2015-01-01;;;;;;;;;;;;
148;2015-01-01;;;;;;;;;;;;
149;2015-01-01;;;;;;;;;;;;
150;2015-01-01;;;;;;;;;;;;
151;2015-01-01;;;;;;;;;;;;
152;2015-01-01;;;;;;;;;;;;
153;2015-01-01;;;;;;;;;;;;
154;2015-01-01;;;;;;;;;;;;
155;2015-01-01;;;;;;;;;;;;
156;2015-01-01;;;;;;;;;;;;
157;2015-01-01;;;;;;;;;;;;
158;2015-01-01;;;;;;;;;;;;
159;2015-01-01;;;;;;;;;;;;
160;2015-01-01;;;;;;;;;;;;
161;2015-01-01;;;;;;;;;;;;
162;2015-01-02;;;;;;;;;;;;
163;2015-01-02;;;;;;;;;;;;
164;2015-01-02;;;;;;;;;;;;
165;2015-01-02;;;;;;;;;;;;
166;2015-01-02;;;;;;;;;;;;
167;2015-01-02;;;;;;;;;;;;
168;2015-01-02;;;;;;;;;;;;
169;2015-01-02;;;;;;;;;;;;
170;2015-01-02;;;;;;;;;;;;
171;2015-01-02;;;;;;;;;;;;
172;2015-01-02;;;;;;;;;;;;
173;2015-01-02;;;;;;;;;;;;
174;2015-01-02;;;;;;;;;;;;
175;2015-01-02;;;;;;;;;;;;
176;2015-01-02;;;;;;;;;;;;
177;2015-01-02;;;;;;;;;;;;
178;2015-01-02;;;;;;;;;;;;
179;2015-01-02;;;;;;;;;;;;
180;2015-01-02;;;;;;;;;;;;
181;2015-01-02;;;;;;;;;;;;
182;2015-01-02;;;;;;;;;;;;
183;2015-01-02;;;;;;;;;;;;
184;2015-01-02;;;;;;;;;;;;
185;2015-01-02;;;;;;;;;;;;
186;2015-01-02;;;;;;;;;;;;
187;2015-01-02;;;;;;;;;;;;
188;2015-01-02;;;;;;;;;;;;
189;2015-01-02;;;;;;;;;;;;
190;2015-01-02;;;;;;;;;;;;
191;2015-01-02;;;;;;;;;;;;
192;2015-01-02;;;;;;;;;;;;
193;2015-01-02;;;;;;;;;;;;
194;2015-01-02;;;;;;;;;;;;
195;2015-01-02;;;;;;;;;;;;
196;2015-01-02;;;;;;;;;;;;
197;2015-01-02;;;;;;;;;;;;
198;2015-01-02;;;;;;;;;;;;
199;2015-01-02;;;;;;;;;;;;
200;2015-01-02;;;;;;;;;;;;
201;2015-01-02;;;;;;;;;;;;
202;2015-01-02;;;;;;;;;;;;
203;2015-01-02;;;;;;;;;;;;
204;2015-01-02;;;;;;;;;;;;
205;2015-01-02;;;;;;;;;;;;
206;2015-01-02;;;;;;;;;;;;
207;2015-01-02;;;;;;;;;;;;
208;2015-01-02;;;;;;;;;;;;
209;2015-01-02;;;;;;;;;;;;
210;2015-01-02;;;;;;;;;;;;
211;2015-01-02;;;;;;;;;;;;
212;2015-01-02;;;;;;;;;;;;
213;2015-01-02;;;;;;;;;;;;
214;2015-01-02;;;;;;;;;;;;
215;2015-01-02;;;;;;;;;;;;
216;2015-01-02;;;;;;;;;;;;
217;2015-01-02;;;;;;;;;;;;
218;2015-01-02;;;;;;;;;;;;
219;2015-01-02;;;;;;;;;;;;
220;2015-01-02;;;;;;;;;;;;
221;2015-01-02;;;;;;;;;;;;
222;2015-01-02;;;;;;;;;;;;
223;2015-01-02;;;;;;;;;;;;
224;2015-01-02;;;;;;;;;;;;
225;2015-01-02;;;;;;;;;;;;
226;2015-01-02;;;;;;;;;;;;
227;2015-01-02;;;;;;;;;;;;
228;2015-01-02;;;;;;;;;;;;
229;2015-01-02;;;;;;;;;;;;
230;2015-01-02;;;;;;;;;;;;
231;2015-01-02;;;;;;;;;;;;
232;2015-01-02;;;;;;;;;;;;
233;2015-01-02;;;;;;;;;;;;
234;2015-01-02;;;;;;;;;;;;
235;2015-01-02;;;;;;;;;;;;
236;2015-01-02;;;;;;;;;;;;
237;2015-01-02;;;;;;;;;;;;
238;2015-01-02;;;;;;;;;;;;
239;2015-01-02;;;;;;;;;;;;
240;2015-01-02;;;;;;;;;;;;
241;2015-01-02;;;;;;;;;;;;
242;2015-01-02;;;;;;;;;;;;
243;2015-01-02;;;;;;;;;;;;
244;2015-01-02;;;;;;;;;;;;
245;2015-01-02;;;;;;;;;;;;
246;2015-01-02;;;;;;;;;;;;
247;2015-01-02;;;;;;;;;;;;
248;2015-01-02;;;;;;;;;;;;
249;2015-01-02;;;;;;;;;;;;
250;2015-01-02;;;;;;;;;;;;
251;2015-01-02;;;;;;;;;;;;
252;2015-01-02;;;;;;;;;;;;
253;2015-01-02;;;;;;;;;;;;
254;2015-01-02;;;;;;;;;;;;
255;2015-01-02;;;;;;;;;;;;
256;2015-01-02;;;;;;;;;;;;
257;2015-01-02;;;;;;;;;;;;
258;2015-01-02;;;;;;;;;;;;
259;2015-01-02;;;;;;;;;;;;
260;2015-01-02;;;;;;;;;;;;
261;2015-01-02;;;;;;;;;;;;
262;2015-01-02;;;;;;;;;;;;
263;2015-01-02;;;;;;;;;;;;
264;2015-01-02;;;;;;;;;;;;
265;2015-01-02;;;;;;;;;;;;
266;2015-01-02;;;;;;;;;;;;
267;2015-01-02;;;;;;;;;;;;
268;2015-01-02;;;;;;;;;;;;
269;2015-01-02;;;;;;;;;;;;
270;2015-01-02;;;;;;;;;;;;
271;2015-01-02;;;;;;;;;;;;
272;2015-01-02;;;;;;;;;;;;
273;2015-01-02;;;;;;;;;;;;
274;2015-01-02;;;;;;;;;;;;
275;2015-01-02;;;;;;;;;;;;
276;2015-01-02;;;;;;;;;;;;
277;2015-01-02;;;;;;;;;;;;
278;2015-01-02;;;;;;;;;;;;
279;2015-01-02;;;;;;;;;;;;
280;2015-01-02;;;;;;;;;;;;
281;2015-01-02;;;;;;;;;;;;
282;2015-01-02;;;;;;;;;;;;
283;2015-01-02;;;;;;;;;;;;
284;2015-01-02;;;;;;;;;;;;
285;2015-01-02;;;;;;;;;;;;
286;2015-01-02;;;;;;;;;;;;
287;2015-01-02;;;;;;;;;;;;
288;2015-01-02;;;;;;;;;;;;
289;2015-01-02;;;;;;;;;;;;
290;2015-01-02;;;;;;;;;;;;
291;2015-01-02;;;;;;;;;;;;
292;2015-01-02;;;;;;;;;;;;
293;2015-01-02;;;;;;;;;;;;
294;2015-01-02;;;;;;;;;;;;
295;2015-01-02;;;;;;;;;;;;
296;2015-01-02;;;;;;;;;;;;
297;2015-01-02;;;;;;;;;;;;
298;2015-01-02;;;;;;;;;;;;
299;2015-01-02;;;;;;;;;;;;
300;2015-01-02;;;;;;;;;;;;
301;2015-01-02;;;;;;;;;;;;
302;2015-01-02;;;;;;;;;;;;
303;2015-01-02;;;;;;;;;;;;
304;2015-01-02;;;;;;;;;;;;
305;2015-01-02;;;;;;;;;;;;
306;2015-01-02;;;;;;;;;;;;
307;2015-01-02;;;;;;;;;;;;
308;2015-01-02;;;;;;;;;;;;
309;2015-01-02;;;;;;;;;;;;
310;2015-01-02;;;;;;;;;;;;
311;2015-01-02;;;;;;;;;;;;
312;2015-01-02;;;;;;;;;;;;
313;2015-01-02;;;;;;;;;;;;
314;2015-01-02;;;;;;;;;;;;
315;2015-01-02;;;;;;;;;;;;
316;2015-01-02;;;;;;;;;;;;
317;2015-01-02;;;;;;;;;;;;
318;2015-01-02;;;;;;;;;;;;
319;2015-01-02;;;;;;;;;;;;
320;2015-01-02;;;;;;;;;;;;
321;2015-01-02;;;;;;;;;;;;
322;2015-01-03;;;;;;;;;;;;
323;2015-01-03;;;;;;;;;;;;
324;2015-01-03;;;;;;;;;;;;
325;2015-01-03;;;;;;;;;;;;
326;2015-01-03;;;;;;;;;;;;
327;2015-01-03;;;;;;;;;;;;
328;2015-01-03;;;;;;;;;;;;
329;2015-01-03;;;;;;;;;;;;
330;2015-01-03;;;;;;;;;;;;
331;2015-01-03;;;;;;;;;;;;
332;2015-01-03;;;;;;;;;;;;
333;2015-01-03;;;;;;;;;;;;
334;2015-01-03;;;;;;;;;;;;
335;2015-01-03;;;;;;;;;;;;
336;2015-01-03;;;;;;;;;;;;
337;2015-01-03;;;;;;;;;;;;
338;2015-01-03;;;;;;;;;;;;
339;2015-01-03;;;;;;;;;;;;
340;2015-01-03;;;;;;;;;;;;
341;2015-01-03;;;;;;;;;;;;
342;2015-01-03;;;;;;;;;;;;
343;2015-01-03;;;;;;;;;;;;
344;2015-01-03;;;;;;;;;;;;
345;2015-01-03;;;;;;;;;;;;
346;2015-01-03;;;;;;;;;;;;
347;2015-01-03;;;;;;;;;;;;
348;2015-01-03;;;;;;;;;;;;
349;2015-01-03;;;;;;;;;;;;
350;2015-01-03;;;;;;;;;;;;
351;2015-01-03;;;;;;;;;;;;
352;2015-01-03;;;;;;;;;;;;
353;2015-01-03;;;;;;;;;;;;
354;2015-01-03;;;;;;;;;;;;
355;2015-01-03;;;;;;;;;;;;
356;2015-01-03;;;;;;;;;;;;
357;2015-01-03;;;;;;;;;;;;
358;2015-01-03;;;;;;;;;;;;
359;2015-01-03;;;;;;;;;;;;
360;2015-01-03;;;;;;;;;;;;
361;2015-01-03;;;;;;;;;;;;
362;2015-01-03;;;;;;;;;;;;
363;2015-01-03;;;;;;;;;;;;
364;2015-01-03;;;;;;;;;;;;
365;2015-01-03;;;;;;;;;;;;
366;2015-01-03;;;;;;;;;;;;
367;2015-01-03;;;;;;;;;;;;
368;2015-01-03;;;;;;;;;;;;
369;2015-01-03;;;;;;;;;;;;
370;2015-01-03;;;;;;;;;;;;
371;2015-01-03;;;;;;;;;;;;
372;2015-01-03;;;;;;;;;;;;
373;2015-01-03;;;;;;;;;;;;
374;2015-01-03;;;;;;;;;;;;
375;2015-01-03;;;;;;;;;;;;
376;2015-01-03;;;;;;;;;;;;
377;2015-01-03;;;;;;;;;;;;
378;2015-01-03;;;;;;;;;;;;
379;2015-01-03;;;;;;;;;;;;
380;2015-01-03;;;;;;;;;;;;
381;2015-01-03;;;;;;;;;;;;
382;2015-01-03;;;;;;;;;;;;
383;2015-01-03;;;;;;;;;;;;
384;2015-01-03;;;;;;;;;;;;
385;2015-01-03;;;;;;;;;;;;
386;2015-01-03;;;;;;;;;;;;
387;2015-01-03;;;;;;;;;;;;
388;2015-01-03;;;;;;;;;;;;
389;2015-01-03;;;;;;;;;;;;
390;2015-01-03;;;;;;;;;;;;
391;2015-01-03;;;;;;;;;;;;
392;2015-01-03;;;;;;;;;;;;
393;2015-01-03;;;;;;;;;;;;
394;2015-01-03;;;;;;;;;;;;
395;2015-01-03;;;;;;;;;;;;
396;2015-01-03;;;;;;;;;;;;
397;2015-01-03;;;;;;;;;;;;
398;2015-01-03;;;;;;;;;;;;
399;2015-01-03;;;;;;;;;;;;
400;2015-01-03;;;;;;;;;;;;
401;2015-01-03;;;;;;;;;;;;
402;2015-01-03;;;;;;;;;;;;
403;2015-01-03;;;;;;;;;;;;
404;2015-01-03;;;;;;;;;;;;
405;2015-01-03;;;;;;;;;;;;
406;2015-01-03;;;;;;;;;;;;
407;2015-01-03;;;;;;;;;;;;
408;2015-01-03;;;;;;;;;;;;
409;2015-01-03;;;;;;;;;;;;
410;2015-01-03;;;;;;;;;;;;
411;2015-01-03;;;;;;;;;;;;
412;2015-01-03;;;;;;;;;;;;
413;2015-01-03;;;;;;;;;;;;
414;2015-01-03;;;;;;;;;;;;
415;2015-01-03;;;;;;;;;;;;
416;2015-01-03;;;;;;;;;;;;
417;2015-01-03;;;;;;;;;;;;
418;2015-01-03;;;;;;;;;;;;
419;2015-01-03;;;;;;;;;;;;
420;2015-01-03;;;;;;;;;;;;
421;2015-01-03;;;;;;;;;;;;
422;2015-01-03;;;;;;;;;;;;
423;2015-01-03;;;;;;;;;;;;
424;2015-01-03;;;;;;;;;;;;
425;2015-01-03;;;;;;;;;;;;
426;2015-01-03;;;;;;;;;;;;
427;2015-01-03;;;;;;;;;;;;
428;2015-01-03;;;;;;;;;;;;
429;2015-01-03;;;;;;;;;;;;
430;2015-01-03;;;;;;;;;;;;
431;2015-01-03;;;;;;;;;;;;
432;2015-01-03;;;;;;;;;;;;
433;2015-01-03;;;;;;;;;;;;
434;2015-01-03;;;;;;;;;;;;
435;2015-01-03;;;;;;;;;;;;
436;2015-01-03;;;;;;;;;;;;
437;2015-01-03;;;;;;;;;;;;
438;2015-01-03;;;;;;;;;;;;
439;2015-01-03;;;;;;;;;;;;
440;2015-01-03;;;;;;;;;;;;
441;2015-01-03;;;;;;;;;;;;
442;2015-01-03;;;;;;;;;;;;
443;2015-01-03;;;;;;;;;;;;
444;2015-01-03;;;;;;;;;;;;
445;2015-01-03;;;;;;;;;;;;
446;2015-01-03;;;;;;;;;;;;
447;2015-01-03;;;;;;;;;;;;
448;2015-01-03;;;;;;;;;;;;
449;2015-01-03;;;;;;;;;;;;
450;2015-01-03;;;;;;;;;;;;
451;2015-01-03;;;;;;;;;;;;
452;2015-01-03;;;;;;;;;;;;
453;2015-01-03;;;;;;;;;;;;
454;2015-01-03;;;;;;;;;;;;
455;2015-01-03;;;;;;;;;;;;
456;2015-01-03;;;;;;;;;;;;
457;2015-01-03;;;;;;;;;;;;
458;2015-01-03;;;;;;;;;;;;
459;2015-01-03;;;;;;;;;;;;
460;2015-01-03;;;;;;;;;;;;
461;2015-01-03;;;;;;;;;;;;
462;2015-01-03;;;;;;;;;;;;
463;2015-01-03;;;;;;;;;;;;
464;2015-01-03;;;;;;;;;;;;
465;2015-01-03;;;;;;;;;;;;
466;2015-01-03;;;;;;;;;;;;
467;2015-01-03;;;;;;;;;;;;
468;2015-01-03;;;;;;;;;;;;
469;2015-01-03;;;;;;;;;;;;
470;2015-01-03;;;;;;;;;;;;
471;2015-01-03;;;;;;;;;;;;
472;2015-01-03;;;;;;;;;;;;
473;2015-01-03;;;;;;;;;;;;
474;2015-01-03;;;;;;;;;;;;
475;2015-01-03;;;;;;;;;;;;
476;2015-01-04;;;;;;;;;;;;
477;2015-01-04;;;;;;;;;;;;
478;2015-01-04;;;;;;;;;;;;
479;2015-01-04;;;;;;;;;;;;
480;2015-01-04;;;;;;;;;;;;
481;2015-01-04;;;;;;;;;;;;
482;2015-01-04;;;;;;;;;;;;
483;2015-01-04;;;;;;;;;;;;
484;2015-01-04;;;;;;;;;;;;
485;2015-01-04;;;;;;;;;;;;
486;2015-01-04;;;;;;;;;;;;
487;2015-01-04;;;;;;;;;;;;
488;2015-01-04;;;;;;;;;;;;
489;2015-01-04;;;;;;;;;;;;
490;2015-01-04;;;;;;;;;;;;
491;2015-01-04;;;;;;;;;;;;
492;2015-01-04;;;;;;;;;;;;
493;2015-01-04;;;;;;;;;;;;
494;2015-01-04;;;;;;;;;;;;
495;2015-01-04;;;;;;;;;;;;
496;2015-01-04;;;;;;;;;;;;
497;2015-01-04;;;;;;;;;;;;
498;2015-01-04;;;;;;;;;;;;
499;2015-01-04;;;;;;;;;;;;
500;2015-01-04;;;;;;;;;;;;
501;2015-01-04;;;;;;;;;;;;
502;2015-01-04;;;;;;;;;;;;
503;2015-01-04;;;;;;;;;;;;
504;2015-01-04;;;;;;;;;;;;
505;2015-01-04;;;;;;;;;;;;
506;2015-01-04;;;;;;;;;;;;
507;2015-01-04;;;;;;;;;;;;
508;2015-01-04;;;;;;;;;;;;
509;2015-01-04;;;;;;;;;;;;
510;2015-01-04;;;;;;;;;;;;
511;2015-01-04;;;;;;;;;;;;
512;2015-01-04;;;;;;;;;;;;
513;2015-01-04;;;;;;;;;;;;
514;2015-01-04;;;;;;;;;;;;
515;2015-01-04;;;;;;;;;;;;
516;2015-01-04;;;;;;;;;;;;
517;2015-01-04;;;;;;;;;;;;
518;2015-01-04;;;;;;;;;;;;
519;2015-01-04;;;;;;;;;;;;
520;2015-01-04;;;;;;;;;;;;
521;2015-01-04;;;;;;;;;;;;
522;2015-01-04;;;;;;;;;;;;
523;2015-01-04;;;;;;;;;;;;
524;2015-01-04;;;;;;;;;;;;
525;2015-01-04;;;;;;;;;;;;
526;2015-01-04;;;;;;;;;;;;
527;2015-01-04;;;;;;;;;;;;
528;2015-01-04;;;;;;;;;;;;
529;2015-01-04;;;;;;;;;;;;
530;2015-01-04;;;;;;;;;;;;
531;2015-01-04;;;;;;;;;;;;
532;2015-01-04;;;;;;;;;;;;
533;2015-01-04;;;;;;;;;;;;
534;2015-01-04;;;;;;;;;;;;
535;2015-01-04;;;;;;;;;;;;
536;2015-01-04;;;;;;;;;;;;
537;2015-01-04;;;;;;;;;;;;
538;2015-01-04;;;;;;;;;;;;
539;2015-01-04;;;;;;;;;;;;
540;2015-01-04;;;;;;;;;;;;
541;2015-01-04;;;;;;;;;;;;
542;2015-01-04;;;;;;;;;;;;
543;2015-01-04;;;;;;;;;;;;
544;2015-01-04;;;;;;;;;;;;
545;2015-01-04;;;;;;;;;;;;
546;2015-01-04;;;;;;;;;;;;
547;2015-01-04;;;;;;;;;;;;
548;2015-01-04;;;;;;;;;;;;
549;2015-01-04;;;;;;;;;;;;
550;2015-01-04;;;;;;;;;;;;
551;2015-01-04;;;;;;;;;;;;
552;2015-01-04;;;;;;;;;;;;
553;2015-01-04;;;;;;;;;;;;
554;2015-01-04;;;;;;;;;;;;
555;2015-01-04;;;;;;;;;;;;
556;2015-01-04;;;;;;;;;;;;
557;2015-01-04;;;;;;;;;;;;
558;2015-01-04;;;;;;;;;;;;
559;2015-01-04;;;;;;;;;;;;
560;2015-01-04;;;;;;;;;;;;
561;2015-01-04;;;;;;;;;;;;
562;2015-01-04;;;;;;;;;;;;
563;2015-01-04;;;;;;;;;;;;
564;2015-01-04;;;;;;;;;;;;
565;2015-01-04;;;;;;;;;;;;
566;2015-01-04;;;;;;;;;;;;
567;2015-01-04;;;;;;;;;;;;
568;2015-01-04;;;;;;;;;;;;
569;2015-01-04;;;;;;;;;;;;
570;2015-01-04;;;;;;;;;;;;
571;2015-01-04;;;;;;;;;;;;
572;2015-01-04;;;;;;;;;;;;
573;2015-01-04;;;;;;;;;;;;
574;2015-01-04;;;;;;;;;;;;
575;2015-01-04;;;;;;;;;;;;
576;2015-01-04;;;;;;;;;;;;
577;2015-01-04;;;;;;;;;;;;
578;2015-01-04;;;;;;;;;;;;
579;2015-01-04;;;;;;;;;;;;
580;2015-01-04;;;;;;;;;;;;
581;2015-01-04;;;;;;;;;;;;
582;2015-01-05;;;;;;;;;;;;
583;2015-01-05;;;;;;;;;;;;
584;2015-01-05;;;;;;;;;;;;
585;2015-01-05;;;;;;;;;;;;
586;2015-01-05;;;;;;;;;;;;
587;2015-01-05;;;;;;;;;;;;
588;2015-01-05;;;;;;;;;;;;
589;2015-01-05;;;;;;;;;;;;
590;2015-01-05;;;;;;;;;;;;
591;2015-01-05;;;;;;;;;;;;
592;2015-01-05;;;;;;;;;;;;
593;2015-01-05;;;;;;;;;;;;
594;2015-01-05;;;;;;;;;;;;
595;2015-01-05;;;;;;;;;;;;
596;2015-01-05;;;;;;;;;;;;
597;2015-01-05;;;;;;;;;;;;
598;2015-01-05;;;;;;;;;;;;
599;2015-01-05;;;;;;;;;;;;
600;2015-01-05;;;;;;;;;;;;
601;2015-01-05;;;;;;;;;;;;
602;2015-01-05;;;;;;;;;;;;
603;2015-01-05;;;;;;;;;;;;
604;2015-01-05;;;;;;;;;;;;
605;2015-01-05;;;;;;;;;;;;
606;2015-01-05;;;;;;;;;;;;
607;2015-01-05;;;;;;;;;;;;
608;2015-01-05;;;;;;;;;;;;
609;2015-01-05;;;;;;;;;;;;
610;2015-01-05;;;;;;;;;;;;
611;2015-01-05;;;;;;;;;;;;
612;2015-01-05;;;;;;;;;;;;
613;2015-01-05;;;;;;;;;;;;
614;2015-01-05;;;;;;;;;;;;
615;2015-01-05;;;;;;;;;;;;
616;2015-01-05;;;;;;;;;;;;
617;2015-01-05;;;;;;;;;;;;
618;2015-01-05;;;;;;;;;;;;
619;2015-01-05;;;;;;;;;;;;
620;2015-01-05;;;;;;;;;;;;
621;2015-01-05;;;;;;;;;;;;
622;2015-01-05;;;;;;;;;;;;
623;2015-01-05;;;;;;;;;;;;
624;2015-01-05;;;;;;;;;;;;
625;2015-01-05;;;;;;;;;;;;
626;2015-01-05;;;;;;;;;;;;
627;2015-01-05;;;;;;;;;;;;
628;2015-01-05;;;;;;;;;;;;
629;2015-01-05;;;;;;;;;;;;
630;2015-01-05;;;;;;;;;;;;
631;2015-01-05;;;;;;;;;;;;
632;2015-01-05;;;;;;;;;;;;
633;2015-01-05;;;;;;;;;;;;
634;2015-01-05;;;;;;;;;;;;
635;2015-01-05;;;;;;;;;;;;
636;2015-01-05;;;;;;;;;;;;
637;2015-01-05;;;;;;;;;;;;
638;2015-01-05;;;;;;;;;;;;
639;2015-01-05;;;;;;;;;;;;
640;2015-01-05;;;;;;;;;;;;
641;2015-01-05;;;;;;;;;;;;
642;2015-01-05;;;;;;;;;;;;
643;2015-01-05;;;;;;;;;;;;
644;2015-01-05;;;;;;;;;;;;
645;2015-01-05;;;;;;;;;;;;
646;2015-01-05;;;;;;;;;;;;
647;2015-01-05;;;;;;;;;;;;
648;2015-01-05;;;;;;;;;;;;
649;2015-01-05;;;;;;;;;;;;
650;2015-01-05;;;;;;;;;;;;
651;2015-01-05;;;;;;;;;;;;
652;2015-01-05;;;;;;;;;;;;
653;2015-01-05;;;;;;;;;;;;
654;2015-01-05;;;;;;;;;;;;
655;2015-01-05;;;;;;;;;;;;
656;2015-01-05;;;;;;;;;;;;
657;2015-01-05;;;;;;;;;;;;
658;2015-01-05;;;;;;;;;;;;
659;2015-01-05;;;;;;;;;;;;
660;2015-01-05;;;;;;;;;;;;
661;2015-01-05;;;;;;;;;;;;
662;2015-01-05;;;;;;;;;;;;
663;2015-01-05;;;;;;;;;;;;
664;2015-01-05;;;;;;;;;;;;
665;2015-01-05;;;;;;;;;;;;
666;2015-01-05;;;;;;;;;;;;
667;2015-01-05;;;;;;;;;;;;
668;2015-01-05;;;;;;;;;;;;
669;2015-01-05;;;;;;;;;;;;
670;2015-01-05;;;;;;;;;;;;
671;2015-01-05;;;;;;;;;;;;
672;2015-01-05;;;;;;;;;;;;
673;2015-01-05;;;;;;;;;;;;
674;2015-01-05;;;;;;;;;;;;
675;2015-01-05;;;;;;;;;;;;
676;2015-01-05;;;;;;;;;;;;
677;2015-01-05;;;;;;;;;;;;
678;2015-01-05;;;;;;;;;;;;
679;2015-01-05;;;;;;;;;;;;
680;2015-01-05;;;;;;;;;;;;
681;2015-01-05;;;;;;;;;;;;
682;2015-01-05;;;;;;;;;;;;
683;2015-01-05;;;;;;;;;;;;
684;2015-01-05;;;;;;;;;;;;
685;2015-01-05;;;;;;;;;;;;
686;2015-01-05;;;;;;;;;;;;
687;2015-01-05;;;;;;;;;;;;
688;2015-01-05;;;;;;;;;;;;
689;2015-01-05;;;;;;;;;;;;
690;2015-01-05;;;;;;;;;;;;
691;2015-01-05;;;;;;;;;;;;
692;2015-01-05;;;;;;;;;;;;
693;2015-01-05;;;;;;;;;;;;
694;2015-01-05;;;;;;;;;;;;
695;2015-01-05;;;;;;;;;;;;
696;2015-01-05;;;;;;;;;;;;
697;2015-01-05;;;;;;;;;;;;
698;2015-01-05;;;;;;;;;;;;
699;2015-01-05;;;;;;;;;;;;
700;2015-01-05;;;;;;;;;;;;
701;2015-01-05;;;;;;;;;;;;
702;2015-01-05;;;;;;;;;;;;
703;2015-01-06;;;;;;;;;;;;
704;2015-01-06;;;;;;;;;;;;
705;2015-01-06;;;;;;;;;;;;
706;2015-01-06;;;;;;;;;;;;
707;2015-01-06;;;;;;;;;;;;
708;2015-01-06;;;;;;;;;;;;
709;2015-01-06;;;;;;;;;;;;
710;2015-01-06;;;;;;;;;;;;
711;2015-01-06;;;;;;;;;;;;
712;2015-01-06;;;;;;;;;;;;
713;2015-01-06;;;;;;;;;;;;
714;2015-01-06;;;;;;;;;;;;
715;2015-01-06;;;;;;;;;;;;
716;2015-01-06;;;;;;;;;;;;
717;2015-01-06;;;;;;;;;;;;
718;2015-01-06;;;;;;;;;;;;
719;2015-01-06;;;;;;;;;;;;
720;2015-01-06;;;;;;;;;;;;
721;2015-01-06;;;;;;;;;;;;
722;2015-01-06;;;;;;;;;;;;
723;2015-01-06;;;;;;;;;;;;
724;2015-01-06;;;;;;;;;;;;
725;2015-01-06;;;;;;;;;;;;
726;2015-01-06;;;;;;;;;;;;
727;2015-01-06;;;;;;;;;;;;
728;2015-01-06;;;;;;;;;;;;
729;2015-01-06;;;;;;;;;;;;
730;2015-01-06;;;;;;;;;;;;
731;2015-01-06;;;;;;;;;;;;
732;2015-01-06;;;;;;;;;;;;
733;2015-01-06;;;;;;;;;;;;
734;2015-01-06;;;;;;;;;;;;
735;2015-01-06;;;;;;;;;;;;
736;2015-01-06;;;;;;;;;;;;
737;2015-01-06;;;;;;;;;;;;
738;2015-01-06;;;;;;;;;;;;
739;2015-01-06;;;;;;;;;;;;
740;2015-01-06;;;;;;;;;;;;
741;2015-01-06;;;;;;;;;;;;
742;2015-01-06;;;;;;;;;;;;
743;2015-01-06;;;;;;;;;;;;
744;2015-01-06;;;;;;;;;;;;
745;2015-01-06;;;;;;;;;;;;
746;2015-01-06;;;;;;;;;;;;
747;2015-01-06;;;;;;;;;;;;
748;2015-01-06;;;;;;;;;;;;
749;2015-01-06;;;;;;;;;;;;
750;2015-01-06;;;;;;;;;;;;
751;2015-01-06;;;;;;;;;;;;
752;2015-01-06;;;;;;;;;;;;
753;2015-01-06;;;;;;;;;;;;
754;2015-01-06;;;;;;;;;;;;
755;2015-01-06;;;;;;;;;;;;
756;2015-01-06;;;;;;;;;;;;
757;2015-01-06;;;;;;;;;;;;
758;2015-01-06;;;;;;;;;;;;
759;2015-01-06;;;;;;;;;;;;
760;2015-01-06;;;;;;;;;;;;
761;2015-01-06;;;;;;;;;;;;
762;2015-01-06;;;;;;;;;;;;
763;2015-01-06;;;;;;;;;;;;
764;2015-01-06;;;;;;;;;;;;
765;2015-01-06;;;;;;;;;;;;
766;2015-01-06;;;;;;;;;;;;
767;2015-01-06;;;;;;;;;;;;
768;2015-01-06;;;;;;;;;;;;
769;2015-01-06;;;;;;;;;;;;
770;2015-01-06;;;;;;;;;;;;
771;2015-01-06;;;;;;;;;;;;
772;2015-01-06;;;;;;;;;;;;
773;2015-01-06;;;;;;;;;;;;
774;2015-01-06;;;;;;;;;;;;
775;2015-01-06;;;;;;;;;;;;
776;2015-01-06;;;;;;;;;;;;
777;2015-01-06;;;;;;;;;;;;
778;2015-01-06;;;;;;;;;;;;
779;2015-01-06;;;;;;;;;;;;
780;2015-01-06;;;;;;;;;;;;
781;2015-01-06;;;;;;;;;;;;
782;2015-01-06;;;;;;;;;;;;
783;2015-01-06;;;;;;;;;;;;
784;2015-01-06;;;;;;;;;;;;
785;2015-01-06;;;;;;;;;;;;
786;2015-01-06;;;;;;;;;;;;
787;2015-01-06;;;;;;;;;;;;
788;2015-01-06;;;;;;;;;;;;
789;2015-01-06;;;;;;;;;;;;
790;2015-01-06;;;;;;;;;;;;
791;2015-01-06;;;;;;;;;;;;
792;2015-01-06;;;;;;;;;;;;
793;2015-01-06;;;;;;;;;;;;
794;2015-01-06;;;;;;;;;;;;
795;2015-01-06;;;;;;;;;;;;
796;2015-01-06;;;;;;;;;;;;
797;2015-01-06;;;;;;;;;;;;
798;2015-01-06;;;;;;;;;;;;
799;2015-01-06;;;;;;;;;;;;
800;2015-01-06;;;;;;;;;;;;
801;2015-01-06;;;;;;;;;;;;
802;2015-01-06;;;;;;;;;;;;
803;2015-01-06;;;;;;;;;;;;
804;2015-01-06;;;;;;;;;;;;
805;2015-01-06;;;;;;;;;;;;
806;2015-01-06;;;;;;;;;;;;
807;2015-01-06;;;;;;;;;;;;
808;2015-01-06;;;;;;;;;;;;
809;2015-01-06;;;;;;;;;;;;
810;2015-01-06;;;;;;;;;;;;
811;2015-01-06;;;;;;;;;;;;
812;2015-01-06;;;;;;;;;;;;
813;2015-01-06;;;;;;;;;;;;
814;2015-01-06;;;;;;;;;;;;
815;2015-01-06;;;;;;;;;;;;
816;2015-01-06;;;;;;;;;;;;
817;2015-01-06;;;;;;;;;;;;
818;2015-01-06;;;;;;;;;;;;
819;2015-01-06;;;;;;;;;;;;
820;2015-01-06;;;;;;;;;;;;
821;2015-01-06;;;;;;;;;;;;
822;2015-01-06;;;;;;;;;;;;
823;2015-01-06;;;;;;;;;;;;
824;2015-01-06;;;;;;;;;;;;
825;2015-01-06;;;;;;;;;;;;
826;2015-01-06;;;;;;;;;;;;
827;2015-01-06;;;;;;;;;;;;
828;2015-01-06;;;;;;;;;;;;
829;2015-01-06;;;;;;;;;;;;
830;2015-01-06;;;;;;;;;;;;
831;2015-01-06;;;;;;;;;;;;
832;2015-01-06;;;;;;;;;;;;
833;2015-01-06;;;;;;;;;;;;
834;2015-01-06;;;;;;;;;;;;
835;2015-01-06;;;;;;;;;;;;
836;2015-01-06;;;;;;;;;;;;
837;2015-01-06;;;;;;;;;;;;
838;2015-01-06;;;;;;;;;;;;
839;2015-01-06;;;;;;;;;;;;
840;2015-01-06;;;;;;;;;;;;
841;2015-01-06;;;;;;;;;;;;
842;2015-01-06;;;;;;;;;;;;
843;2015-01-06;;;;;;;;;;;;
844;2015-01-06;;;;;;;;;;;;
845;2015-01-06;;;;;;;;;;;;
846;2015-01-06;;;;;;;;;;;;
847;2015-01-07;;;;;;;;;;;;
848;2015-01-07;;;;;;;;;;;;
849;2015-01-07;;;;;;;;;;;;
850;2015-01-07;;;;;;;;;;;;
851;2015-01-07;;;;;;;;;;;;
852;2015-01-07;;;;;;;;;;;;
853;2015-01-07;;;;;;;;;;;;
854;2015-01-07;;;;;;;;;;;;
855;2015-01-07;;;;;;;;;;;;
856;2015-01-07;;;;;;;;;;;;
857;2015-01-07;;;;;;;;;;;;
858;2015-01-07;;;;;;;;;;;;
859;2015-01-07;;;;;;;;;;;;
860;2015-01-07;;;;;;;;;;;;
861;2015-01-07;;;;;;;;;;;;
862;2015-01-07;;;;;;;;;;;;
863;2015-01-07;;;;;;;;;;;;
864;2015-01-07;;;;;;;;;;;;
865;2015-01-07;;;;;;;;;;;;
866;2015-01-07;;;;;;;;;;;;
867;2015-01-07;;;;;;;;;;;;
868;2015-01-07;;;;;;;;;;;;
869;2015-01-07;;;;;;;;;;;;
870;2015-01-07;;;;;;;;;;;;
871;2015-01-07;;;;;;;;;;;;
872;2015-01-07;;;;;;;;;;;;
873;2015-01-07;;;;;;;;;;;;
874;2015-01-07;;;;;;;;;;;;
875;2015-01-07;;;;;;;;;;;;
876;2015-01-07;;;;;;;;;;;;
877;2015-01-07;;;;;;;;;;;;
878;2015-01-07;;;;;;;;;;;;
879;2015-01-07;;;;;;;;;;;;
880;2015-01-07;;;;;;;;;;;;
881;2015-01-07;;;;;;;;;;;;
882;2015-01-07;;;;;;;;;;;;
883;2015-01-07;;;;;;;;;;;;
884;2015-01-07;;;;;;;;;;;;
885;2015-01-07;;;;;;;;;;;;
886;2015-01-07;;;;;;;;;;;;
887;2015-01-07;;;;;;;;;;;;
888;2015-01-07;;;;;;;;;;;;
889;2015-01-07;;;;;;;;;;;;
890;2015-01-07;;;;;;;;;;;;
891;2015-01-07;;;;;;;;;;;;
892;2015-01-07;;;;;;;;;;;;
893;2015-01-07;;;;;;;;;;;;
894;2015-01-07;;;;;;;;;;;;
895;2015-01-07;;;;;;;;;;;;
896;2015-01-07;;;;;;;;;;;;
897;2015-01-07;;;;;;;;;;;;
898;2015-01-07;;;;;;;;;;;;
899;2015-01-07;;;;;;;;;;;;
900;2015-01-07;;;;;;;;;;;;
901;2015-01-07;;;;;;;;;;;;
902;2015-01-07;;;;;;;;;;;;
903;2015-01-07;;;;;;;;;;;;
904;2015-01-07;;;;;;;;;;;;
905;2015-01-07;;;;;;;;;;;;
906;2015-01-07;;;;;;;;;;;;
907;2015-01-07;;;;;;;;;;;;
908;2015-01-07;;;;;;;;;;;;
909;2015-01-07;;;;;;;;;;;;
910;2015-01-07;;;;;;;;;;;;
911;2015-01-07;;;;;;;;;;;;
912;2015-01-07;;;;;;;;;;;;
913;2015-01-07;;;;;;;;;;;;
914;2015-01-07;;;;;;;;;;;;
915;2015-01-07;;;;;;;;;;;;
916;2015-01-07;;;;;;;;;;;;
917;2015-01-07;;;;;;;;;;;;
918;2015-01-07;;;;;;;;;;;;
919;2015-01-07;;;;;;;;;;;;
920;2015-01-07;;;;;;;;;;;;
921;2015-01-07;;;;;;;;;;;;
922;2015-01-07;;;;;;;;;;;;
923;2015-01-07;;;;;;;;;;;;
924;2015-01-07;;;;;;;;;;;;
925;2015-01-07;;;;;;;;;;;;
926;2015-01-07;;;;;;;;;;;;
927;2015-01-07;;;;;;;;;;;;
928;2015-01-07;;;;;;;;;;;;
929;2015-01-07;;;;;;;;;;;;
930;2015-01-07;;;;;;;;;;;;
931;2015-01-07;;;;;;;;;;;;
932;2015-01-07;;;;;;;;;;;;
933;2015-01-07;;;;;;;;;;;;
934;2015-01-07;;;;;;;;;;;;
935;2015-01-07;;;;;;;;;;;;
936;2015-01-07;;;;;;;;;;;;
937;2015-01-07;;;;;;;;;;;;
938;2015-01-07;;;;;;;;;;;;
939;2015-01-07;;;;;;;;;;;;
940;2015-01-07;;;;;;;;;;;;
941;2015-01-07;;;;;;;;;;;;
942;2015-01-07;;;;;;;;;;;;
943;2015-01-07;;;;;;;;;;;;
944;2015-01-07;;;;;;;;;;;;
945;2015-01-07;;;;;;;;;;;;
946;2015-01-07;;;;;;;;;;;;
947;2015-01-07;;;;;;;;;;;;
948;2015-01-07;;;;;;;;;;;;
949;2015-01-07;;;;;;;;;;;;
950;2015-01-07;;;;;;;;;;;;
951;2015-01-07;;;;;;;;;;;;
952;2015-01-07;;;;;;;;;;;;
953;2015-01-07;;;;;;;;;;;;
954;2015-01-07;;;;;;;;;;;;
955;2015-01-07;;;;;;;;;;;;
956;2015-01-07;;;;;;;;;;;;
957;2015-01-07;;;;;;;;;;;;
958;2015-01-07;;;;;;;;;;;;
959;2015-01-07;;;;;;;;;;;;
960;2015-01-07;;;;;;;;;;;;
961;2015-01-07;;;;;;;;;;;;
962;2015-01-07;;;;;;;;;;;;
963;2015-01-07;;;;;;;;;;;;
964;2015-01-07;;;;;;;;;;;;
965;2015-01-07;;;;;;;;;;;;
966;2015-01-07;;;;;;;;;;;;
967;2015-01-07;;;;;;;;;;;;
968;2015-01-07;;;;;;;;;;;;
969;2015-01-07;;;;;;;;;;;;
970;2015-01-07;;;;;;;;;;;;
971;2015-01-07;;;;;;;;;;;;
972;2015-01-07;;;;;;;;;;;;
973;2015-01-07;;;;;;;;;;;;
974;2015-01-07;;;;;;;;;;;;
975;2015-01-07;;;;;;;;;;;;
976;2015-01-07;;;;;;;;;;;;
977;2015-01-07;;;;;;;;;;;;
978;2015-01-07;;;;;;;;;;;;
979;2015-01-07;;;;;;;;;;;;
980;2015-01-08;;;;;;;;;;;;
981;2015-01-08;;;;;;;;;;;;
982;2015-01-08;;;;;;;;;;;;
983;2015-01-08;;;;;;;;;;;;
984;2015-01-08;;;;;;;;;;;;
985;2015-01-08;;;;;;;;;;;;
986;2015-01-08;;;;;;;;;;;;
987;2015-01-08;;;;;;;;;;;;
988;2015-01-08;;;;;;;;;;;;
989;2015-01-08;;;;;;;;;;;;
990;2015-01-08;;;;;;;;;;;;
991;2015-01-08;;;;;;;;;;;;
992;2015-01-08;;;;;;;;;;;;
993;2015-01-08;;;;;;;;;;;;
994;2015-01-08;;;;;;;;;;;;
995;2015-01-08;;;;;;;;;;;;
996;2015-01-08;;;;;;;;;;;;
997;2015-01-08;;;;;;;;;;;;
998;2015-01-08;;;;;;;;;;;;
999;2015-01-08;;;;;;;;;;;;
1000;2015-01-08;;;;;;;;;;;;
